Investor Name,Location,Total Investments,Lead Investments,company_name_hyphens,URL,Type,Status,Total investments,Average round size,Portfolio companies,Rounds per year,Lead investments,Follow on index,Exits,Stages of investment,Areas of investment
360 Capital Partners,,0,,360-capital-partners,https://unicorn-nest.com/funds/360-capital-partners,Venture Capital,Active,217,0,123,8.04,36,0.43,35,SeedEarly Stage Venture,LogisticsE-CommerceSoftwareRetailInformation TechnologyArtificial IntelligenceSaaSRoboticsEnergyShopping
40jemz Ventures,,0,,40jemz-ventures,https://unicorn-nest.com/funds/40jemz-ventures,Venture Capital,Active,5,0,5,2.50,,,,,SoftwareArtificial IntelligenceMarketingWeb DesignComputerBusiness DevelopmentSustainabilityWeb DevelopmentPrimary EducationFreelance
42cap,,0,,42cap,https://unicorn-nest.com/funds/42cap,Venture Capital,,80,0,41,10.00,8,0.46,1,SeedEarly Stage Venture,LogisticsSoftwareAnalyticsInformation TechnologyArtificial IntelligenceMachine LearningSaaSBig DataData IntegrationComputer
4ventures,,0,,4ventures,https://unicorn-nest.com/funds/4ventures,,,1,0,1,,,,,,Internet
A Plus Finance,,0,,a-plus-finance,https://unicorn-nest.com/funds/a-plus-finance,,,56,0,40,2.24,9,0.29,12,Early Stage VentureLate Stage Venture,E-CommerceInternetSoftwareInformation TechnologySalesCloud ComputingHardwareAdvertisingTelecommunicationsBrand Marketing
A/Impact,,0,,aimpact,https://unicorn-nest.com/funds/aimpact,,,4,0,4,,1,,,Early Stage Venture,BiotechnologyArtificial IntelligenceFood and BeverageHealth CareMedicalNutritionProduct Research
A/O Proptech,,0,,ao-proptech,https://unicorn-nest.com/funds/ao-proptech,,,,0,,,,,,,
Aaf Management Ltd.,,0,,aaf-management-ltd,https://unicorn-nest.com/funds/aaf-management-ltd,,,100,0,72,16.67,1,0.28,11,SeedEarly Stage Venture,InternetSoftwareFinancial ServicesFinTechAnalyticsInformation TechnologyArtificial IntelligenceMachine LearningHealth CareSaaS
Abac Nest,,0,,abac-nest,https://unicorn-nest.com/funds/abac-nest,,,21,0,13,3.00,,0.38,,Early Stage Venture,E-CommerceSoftwareFinancial ServicesFinTechRetailInformation TechnologyFinanceFood and BeverageMarketplaceFashion
Abenex,,0,,abenex,https://unicorn-nest.com/funds/abenex,,,,0,,,,,,,
Abu Dhabu Investment Authority,,0,,abu-dhabu-investment-authority,https://unicorn-nest.com/funds/abu-dhabu-investment-authority,,,,0,,,,,,,
Aconterra,,0,,aconterra,https://unicorn-nest.com/funds/aconterra,Venture Capital,Active,8,0,6,1.60,3,0.25,,SeedEarly Stage Venture,Real EstateSoftwareAnalyticsInformation TechnologyArtificial IntelligenceMachine LearningSaaSConsumer ElectronicsLocation Based ServicesSmart Cities
Adb Ventures,,0,,adb-ventures,https://unicorn-nest.com/funds/adb-ventures,,,47,0,36,11.75,6,0.23,,Early Stage Venture,AutomotiveLogisticsBiotechnologySoftwareFinTechArtificial IntelligenceMachine LearningManufacturingAutonomous VehiclesElectric Vehicle
Aglae Ventures,,0,,aglae-ventures,https://unicorn-nest.com/funds/aglae-ventures,Venture Capital,Active,92,0,59,13.14,12,0.35,1,,E-CommerceInternetSoftwareInformation TechnologyArtificial IntelligenceHealth CareSaaSAppsMobile AppsMarketplace
Akkadian Ventures,,0,,akkadian-ventures,https://unicorn-nest.com/funds/akkadian-ventures,,,44,0,40,3.14,15,0.09,13,Secondary Market,InternetSoftwareFinTechAnalyticsInformation TechnologyMobileSaaSAppsMobile AppsEnterprise Software
Alantra,,0,,alantra,https://unicorn-nest.com/funds/alantra,,,27,0,26,0.69,8,0.04,10,Early Stage Venture,Information TechnologyInformation ServicesFitnessHealth CareWellnessManufacturingMedical DeviceLife SciencePharmaceuticalEnergy
Ali,,0,,ali,https://unicorn-nest.com/funds/ali,,,2,0,2,0.14,,,,,SoftwareFitnessHealth CareWellnessManufacturingSemiconductorConsumer ElectronicsElectronics
Alven,,0,,alven,https://unicorn-nest.com/funds/alven,,,,0,,,,,,,
Amavi,,0,,amavi,https://unicorn-nest.com/funds/amavi,,,,0,,,,,,,
Anaxago,,0,,anaxago,https://unicorn-nest.com/funds/anaxago,,,51,0,36,4.25,1,0.27,2,,BiotechnologyReal EstateSoftwareRetailFood and BeverageHealth CareSaaSRestaurantsMedical DeviceTherapeutics
Andera Infra,,0,,andera-infra,https://unicorn-nest.com/funds/andera-infra,,,,0,,,,,,,
Angelor,,0,,angelor,https://unicorn-nest.com/funds/angelor,,Active,11,0,10,0.65,1,0.09,,Seed,Real EstateInformation TechnologyInformation ServicesMachine LearningMedical DeviceMarketplaceComputerBiopharmaWaste ManagementPackaging Services
Angelsquare,,0,,angelsquare,https://unicorn-nest.com/funds/angelsquare,,Active,186,0,166,23.25,54,0.06,8,Seed,E-CommerceInternetSoftwareRetailInformation TechnologyArtificial IntelligenceHealth CareSaaSMobile AppsMarketplace
Anjou Amorcage,,0,,anjou-amorcage,https://unicorn-nest.com/funds/anjou-amorcage,,,1,0,1,,,,,,
Arkea Capital,,0,,arkea-capital,https://unicorn-nest.com/funds/arkea-capital,,,,0,,,,,,,
Aster,,0,,aster,https://unicorn-nest.com/funds/aster,Venture Capital,Active,192,0,64,8.00,17,0.67,13,SeedEarly Stage Venture,Real EstateSoftwareInformation TechnologyEnterprise SoftwareManufacturingComputerElectronicsEnergyRenewable EnergyIndustrial
Asterion Ventures,,0,,asterion-ventures,https://unicorn-nest.com/funds/asterion-ventures,,,13,0,13,4.33,5,,,,SoftwareFinancial ServicesFinTechInformation TechnologyAppsFashionCleanTechChemicalGreenTechTextiles
Astorya.Vc,,0,,astoryavc,https://unicorn-nest.com/funds/astoryavc,,,,0,,,,,,,
Athos Capital,,0,,athos-capital,https://unicorn-nest.com/funds/athos-capital,Venture Capital,Active,42,0,32,5.25,5,0.24,,Early Stage Venture,InternetSoftwareAnalyticsInformation TechnologyRentalHuman ResourcesArtificial IntelligenceSaaSEducationDigital Media
Atlantique Business Angels Booster,,0,,atlantique-business-angels-booster,https://unicorn-nest.com/funds/atlantique-business-angels-booster,,,,0,,,,,,,
Aurica Capital,,0,,aurica-capital,https://unicorn-nest.com/funds/aurica-capital,,,13,0,12,0.81,4,0.08,,Early Stage Venture,ManufacturingMarketingEventsSocial MediaRenewable EnergyBrand MarketingHospitalityChemicalSolarContent Creators
Axeleo Capital,,0,,axeleo-capital,https://unicorn-nest.com/funds/axeleo-capital,Venture Capital,Active,,0,,,,,,,
B.Digital Partners,,0,,bdigital-partners,https://unicorn-nest.com/funds/bdigital-partners,,,,0,,,,,,,
Badge,,0,,badge,https://unicorn-nest.com/funds/badge,,,,0,,,,,,,
Bankinter,,0,,bankinter,https://unicorn-nest.com/funds/bankinter,,,,0,,,,,,,
Banque Des Territoires,,0,,banque-des-territoires,https://unicorn-nest.com/funds/banque-des-territoires,,,75,0,66,,6,0.12,1,,AutomotiveTransportationSoftwareInformation TechnologyRentalHealth CareRenewable EnergyElectric VehicleAgricultureFarming
Be Angels,,0,,be-angels,https://unicorn-nest.com/funds/be-angels,,,21,0,19,0.88,4,0.10,,SeedPrivate EquityEarly Stage Venture,SoftwareFinTechInformation TechnologyGamingHealth CareHospitalSaaSAppsEdTechMedical
Bertelsmann Asia Ivestments,,0,,bertelsmann-asia-ivestments,https://unicorn-nest.com/funds/bertelsmann-asia-ivestments,,,,0,,,,,,,
Bewater Funds,,0,,bewater-funds,https://unicorn-nest.com/funds/bewater-funds,Other,Active,23,0,17,3.83,10,0.26,,Secondary Market,E-CommerceSoftwareFood and BeverageFood ProcessingMachine LearningSaaSDelivery ServiceHome Health CareFood DeliveryElder Care
Big Sur Ventures,,0,,big-sur-ventures,https://unicorn-nest.com/funds/big-sur-ventures,Venture Capital,Active,61,0,39,5.08,12,0.36,1,SeedEarly Stage Venture,AutomotiveLogisticsE-CommerceInternetSoftwareRetailArtificial IntelligenceSaaSAppsFashion
Blackwood Ventures,,0,,blackwood-ventures,https://unicorn-nest.com/funds/blackwood-ventures,,,8,0,8,4.00,,,,,SoftwareB2BSaaSSocial NetworkProduct DesignGraphic DesignMusicRenewable EnergyContent CreatorsIndustrial Design
Bolt-Overview,,0,,bolt-overview,https://unicorn-nest.com/funds/bolt-overview,,,,0,,,,,,,
Bonsai Partners,,0,,bonsai-partners,https://unicorn-nest.com/funds/bonsai-partners,Venture Capital,Active,45,0,30,7.50,3,0.33,3,Early Stage Venture,LogisticsE-CommerceSoftwareFinTechFinanceArtificial IntelligenceAppsMarketplaceTravelTourism
Bpifrance,,0,,bpifrance,https://unicorn-nest.com/funds/bpifrance,CVC,Active,1329,0,1042,110.75,206,0.21,96,SeedPrivate EquityEarly Stage Venture,BiotechnologyE-CommerceInternetSoftwareInformation TechnologyArtificial IntelligenceHealth CareSaaSManufacturingMedical
Breega Capital,,0,,breega-capital,https://unicorn-nest.com/funds/breega-capital,,,113,0,83,10.27,30,0.27,5,SeedEarly Stage Venture,E-CommerceInternetSoftwareFinancial ServicesFinTechInformation TechnologyPaymentsArtificial IntelligenceSaaSApps
Breizh Up,,0,,breizh-up,https://unicorn-nest.com/funds/breizh-up,,,24,0,18,,1,0.25,,,Information TechnologyArtificial IntelligenceHealth CareAerospaceManufacturingCyber SecurityNetwork SecurityTelecommunicationsAgricultureMachinery Manufacturing
Bright Pixel,,0,,bright-pixel,https://unicorn-nest.com/funds/bright-pixel,,,20,0,13,2.86,1,0.30,1,SeedEarly Stage Venture,InternetSoftwareInformation TechnologyArtificial IntelligenceSaaS3D TechnologyCyber SecurityComputerWeb AppsLocation Based Services
Brookfield Asset Management,,0,,brookfield-asset-management,https://unicorn-nest.com/funds/brookfield-asset-management,Venture Capital,Active,43,0,36,0.34,13,0.16,9,,Real EstateSoftwareFinancial ServicesEnergyRenewable EnergyCommercial Real EstateSolarEnergy EfficiencyClean EnergyOil and Gas
Btp Capital Investissement,,0,,btp-capital-investissement,https://unicorn-nest.com/funds/btp-capital-investissement,,Active,8,0,6,,,0.25,1,,InternetSoftwareInformation TechnologyRentalMobile AppsConstructionVirtual RealityTelecommunicationsCommunications InfrastructureSharing Economy
Business Angels Club Deal,,0,,business-angels-club-deal,https://unicorn-nest.com/funds/business-angels-club-deal,,,,0,,,,,,,
C4 Ventures,,0,,c4-ventures,https://unicorn-nest.com/funds/c4-ventures,Venture Capital,Active,62,0,46,5.17,12,0.26,5,Early Stage Venture,E-CommerceInternetSoftwareAnalyticsArtificial IntelligenceMachine LearningSaaSFashionHardwareConsumer Electronics
Caixa Capital,,0,,caixa-capital,https://unicorn-nest.com/funds/caixa-capital,Venture Capital,Active,66,0,39,2.00,8,0.39,1,SeedPrivate EquityEarly Stage Venture,InternetSoftwareInformation TechnologyB2BMobileArtificial IntelligenceHealth CareSaaSManufacturingDeveloper Tools
Canaan Partners,,0,,canaan-partners,https://unicorn-nest.com/funds/canaan-partners,,,784,0,398,21.19,157,0.49,136,Early Stage VentureLate Stage Venture,BiotechnologyE-CommerceInternetSoftwareInformation TechnologyHealth CareSaaSEnterprise SoftwareMedicalTherapeutics
Cap2025,,0,,cap2025,https://unicorn-nest.com/funds/cap2025,,,,0,,,,,,,
Caphorn Invest,,0,,caphorn-invest,https://unicorn-nest.com/funds/caphorn-invest,Venture Capital,Active,81,0,49,5.79,17,0.40,2,SeedEarly Stage Venture,E-CommerceInternetSupply Chain ManagementSoftwareAnalyticsInformation TechnologyMobileArtificial IntelligenceMachine LearningSaaS
Capital One,,0,,capital-one,https://unicorn-nest.com/funds/capital-one,Bank,Active,45,0,35,1.50,4,0.13,12,Early Stage VentureLate Stage Venture,AutomotiveReal EstateSoftwareFinancial ServicesInformation TechnologyMobile AppsEnterprise SoftwareCloud Data ServicesService IndustryCommercial Real Estate
Capitole Angels,,0,,capitole-angels,https://unicorn-nest.com/funds/capitole-angels,Angel Group/Syndicate,Active,21,0,20,1.17,2,,1,Seed,AutomotiveBiotechnologyInternetSoftwareInformation TechnologyHealth CareEducation3D TechnologyManufacturingLighting
Cdp Venture Capital,,0,,cdp-venture-capital,https://unicorn-nest.com/funds/cdp-venture-capital,Venture Capital,,129,0,106,,20,0.18,,,SoftwareFinTechInformation TechnologyArtificial IntelligenceFood and BeverageHealth CareSaaSAppsEducationMedical
Celeste Management,,0,,celeste-management,https://unicorn-nest.com/funds/celeste-management,,,16,0,11,,,0.31,,,Health CareMedicalMarketingDigital MediaSmart HomeAdvertising PlatformsAd NetworkMiningEnvironmental EngineeringWater Purification
Cemag Invest Partners,,0,,cemag-invest-partners,https://unicorn-nest.com/funds/cemag-invest-partners,,,,0,,,,,,,
Cemex Ventures,,0,,cemex-ventures,https://unicorn-nest.com/funds/cemex-ventures,CVC,Active,33,0,22,4.71,8,0.33,1,,LogisticsE-CommerceTransportationSoftwareInformation TechnologyInformation ServicesSaaSConstructionRenewable EnergyArchitecture
Climate-Kic,,0,,climate-kic,https://unicorn-nest.com/funds/climate-kic,Accelerator/Incubator,Active,9,0,8,0.69,,0.11,,,Energy StorageInternetSoftwareCleanTechEnergyRenewable EnergySustainabilityWaste ManagementBatteryRecycling
Cmc Capital Group,,0,,cmc-capital-group,https://unicorn-nest.com/funds/cmc-capital-group,,,81,0,67,5.79,29,0.17,10,Late Stage Venture,E-CommerceInternetArtificial IntelligenceFood and BeverageAppsMobile AppsEducationSportsVideoMedia and Entertainment
Cmt,,0,,cmt,https://unicorn-nest.com/funds/cmt,,,,0,,,,,,,
Coatue,,0,,coatue,https://unicorn-nest.com/funds/coatue,"Venture Capital, Private equity",Active,451,0,284,18.04,74,0.36,24,Early Stage VentureLate Stage Venture,E-CommerceInternetSoftwareFinancial ServicesFinTechInformation TechnologyArtificial IntelligenceMachine LearningSaaSEnterprise Software
Colam Impact,,0,,colam-impact,https://unicorn-nest.com/funds/colam-impact,,,11,0,7,,1,0.36,,,ClothingInternet RetailInformation Services (B2C)E-CommerceConsumer GoodsRetailFashionBusiness DevelopmentShoppingService Industry
Cordillera Capital,,0,,cordillera-capital,https://unicorn-nest.com/funds/cordillera-capital,,,,0,,,,,,,
Creative Dock,,0,,creative-dock,https://unicorn-nest.com/funds/creative-dock,,,5,0,4,0.50,4,0.20,,SeedEarly Stage Venture,E-CommerceInternetSoftwareInformation TechnologySaaSInsuranceConsultingContact Management
Credit Agricole Entreprises,,0,,credit-agricole-entreprises,https://unicorn-nest.com/funds/credit-agricole-entreprises,,,7,0,6,0.05,,0.14,1,,BiotechnologyInfrastructureSoftwareMobileHealth CareWellnessMedicalPharmaceuticalTherapeuticsWireless
Cumberland,,0,,cumberland,https://unicorn-nest.com/funds/cumberland,Corporate investor,Active,10,0,9,1.00,,0.10,,,Financial ServicesFinTechInformation TechnologyFinanceArtificial IntelligenceConsumer SoftwareBlockchainFinancial ExchangesHedge FundsTrading Platform
Curiosity Venture Capital,,0,,curiosity-venture-capital,https://unicorn-nest.com/funds/curiosity-venture-capital,,,,0,,,,,,,
Daphni,,0,,daphni,https://unicorn-nest.com/funds/daphni,Venture Capital,Active,87,0,51,9.67,25,0.41,2,SeedEarly Stage Venture,E-CommerceInternetSoftwareFinancial ServicesInformation TechnologyHuman ResourcesFood and BeverageBankingMarketplaceComputer
Demeter,,0,,demeter,https://unicorn-nest.com/funds/demeter,,,77,0,59,4.05,18,0.22,,Private Equity,AutomotiveBiotechnologySoftwareAnalyticsManufacturingElectronicsEnergyRenewable EnergyAgricultureFarming
Dn Capital,,0,,dn-capital,https://unicorn-nest.com/funds/dn-capital,Venture Capital,Active,289,0,149,12.04,38,0.48,34,SeedEarly Stage Venture,E-CommerceInternetSoftwareFinancial ServicesFinTechInformation TechnologyMobileSaaSAppsEnterprise Software
Easo,,0,,easo,https://unicorn-nest.com/funds/easo,Venture Capital,Active,50,0,33,8.33,7,0.34,,Early Stage Venture,E-CommerceInternetSoftwareInformation TechnologyHealth CareHealth DiagnosticsManufacturingCyber SecurityMedicalIndustrial Manufacturing
Edot Invest,,0,,edot-invest,https://unicorn-nest.com/funds/edot-invest,Venture Capital,Active,4,0,3,0.57,3,0.25,,SeedEarly Stage Venture,E-CommerceInternetSoftwareRetailFashionRenewable EnergyPower Grid
Educapital,,0,,educapital,https://unicorn-nest.com/funds/educapital,,,36,0,29,5.14,9,0.19,1,Venture,InternetSoftwareE-LearningHuman ResourcesSaaSEdTechTrainingEducationVideo GamesTutoring
Efounders,,0,,efounders,https://unicorn-nest.com/funds/efounders,,,51,0,23,3.92,1,0.55,5,SeedEarly Stage Venture,InternetSoftwareFinancial ServicesFinTechB2BPaymentsSaaSCollaborationEnterprise SoftwareCredit Cards
Eic,,0,,eic,https://unicorn-nest.com/funds/eic,,,4,0,4,0.17,,,,,BiotechnologyInformation TechnologyHealth CareLife ScienceComputerRenewable EnergyImage RecognitionCommunication HardwareClean EnergyWind Energy
Eit Urban Mobility,,0,,eit-urban-mobility,https://unicorn-nest.com/funds/eit-urban-mobility,Government organization,Active,16,0,13,,3,0.19,,SeedEarly Stage Venture,LogisticsTransportationSoftwareSaaSAppsDeliveryManufacturingConsultingSmart CitiesSharing Economy
Elaia,,0,,elaia,https://unicorn-nest.com/funds/elaia,Venture Capital,Active,197,0,132,8.95,53,0.33,25,SeedEarly Stage VentureLate Stage Venture,BiotechnologyE-CommerceInternetSoftwareAnalyticsInformation TechnologyArtificial IntelligenceHealth CareSaaSBig Data
Entrepreneurs First,,0,,entrepreneurs-first,https://unicorn-nest.com/funds/entrepreneurs-first,,,,0,,,,,,,
Eqt,,0,,eqt,https://unicorn-nest.com/funds/eqt,Other,Active,100,0,91,3.33,40,0.09,35,,AutomotiveE-CommerceInternetSoftwareFinancial ServicesInformation TechnologyHealth CareEducationManufacturingMedical Device
Eqt Ventures,,0,,eqt-ventures,https://unicorn-nest.com/funds/eqt-ventures,Venture Capital,Active,211,0,113,26.38,63,0.46,7,Early Stage VentureLate Stage Venture,SoftwareFinancial ServicesFinTechInformation TechnologyMobileArtificial IntelligenceMachine LearningHealth CareSaaSApps
Eurazeo,,0,,eurazeo,https://unicorn-nest.com/funds/eurazeo,Venture Capital,Active,313,0,229,5.69,38,0.26,46,,E-CommerceInternetSoftwareFinancial ServicesFinTechInformation TechnologyHealth CareManufacturingMarketplaceFashion
Eureka Venture,,0,,eureka-venture,https://unicorn-nest.com/funds/eureka-venture,,,20,0,14,4.00,5,0.30,,,BiotechnologyArtificial IntelligenceRoboticsManufacturingMedical DeviceSemiconductorConsultingRenewable Energy3D PrintingNanotechnology
Eurobim,,0,,eurobim,https://unicorn-nest.com/funds/eurobim,,,1,0,1,1.00,,,,,Real Estate
Faber Venture,,0,,faber-venture,https://unicorn-nest.com/funds/faber-venture,,,,0,,,,,,,
Fith Wall,,0,,fith-wall,https://unicorn-nest.com/funds/fith-wall,,,,0,,,,,,,
Financiere Arbevel,,0,,financiere-arbevel,https://unicorn-nest.com/funds/financiere-arbevel,,,,0,,,,,,,
Finaqui,,0,,finaqui,https://unicorn-nest.com/funds/finaqui,,,13,0,12,0.81,1,0.08,,SeedEarly Stage Venture,AutomotiveBiotechnologySoftwareHealth CareManufacturingMedicalFashionWomen'sCustomer ServiceTextiles
Finpiemonte,,0,,finpiemonte,https://unicorn-nest.com/funds/finpiemonte,,,3,0,3,,,,,,InternetArtificial IntelligenceMedical DeviceAutonomous VehiclesInternet of Things
First,,0,,first,https://unicorn-nest.com/funds/first,,,2,0,1,,,0.50,,SeedEarly Stage Venture,BiotechnologyHealth CarePharmaceuticalBiopharma
Firstime Venture Capital,,0,,firstime-venture-capital,https://unicorn-nest.com/funds/firstime-venture-capital,Venture Capital,Active,87,0,36,8.70,13,0.59,2,SeedEarly Stage Venture,E-CommerceInternetSoftwareRetail TechnologyMachine LearningHealth CareSecurityFashionPersonalizationVideo Streaming
Foreword.Vc,,0,,forewordvc,https://unicorn-nest.com/funds/forewordvc,,,,0,,,,,,,
Fotolia,,0,,fotolia,https://unicorn-nest.com/funds/fotolia,,,2,0,2,0.12,,,1,,BeautyCosmeticsMusicAudioArt
France Active,,0,,france-active,https://unicorn-nest.com/funds/france-active,,,19,0,16,,2,0.16,,,TransportationRetailInformation TechnologyCommunitiesEnergyRide SharingPublic TransportationAgricultureWaste ManagementEnvironmental Consulting
Freestyle Interactive,,0,,freestyle-interactive,https://unicorn-nest.com/funds/freestyle-interactive,,,1,0,1,0.04,,,,,Incubators
Galia Gestion,,0,,galia-gestion,https://unicorn-nest.com/funds/galia-gestion,,,53,0,47,,13,0.11,2,Early Stage Venture,BiotechnologySoftwareInformation TechnologyHealth CareManufacturingMedical DeviceMedicalElectronicsIndustrialCustomer Service
Go Capital,,0,,go-capital,https://unicorn-nest.com/funds/go-capital,,,119,0,86,5.67,29,0.28,5,SeedPrivate EquityEarly Stage Venture,BiotechnologySoftwareInformation TechnologyHealth CareSaaSManufacturingMedical DeviceMedicalElectronicsEnergy
Greenfield Capital,,0,,greenfield-capital,https://unicorn-nest.com/funds/greenfield-capital,,,,0,,,,,,,
Greenland Group,,0,,greenland-group,https://unicorn-nest.com/funds/greenland-group,,,3,0,3,0.10,2,,,Early Stage Venture,SoftwareInformation TechnologyRetail TechnologyEnterpriseArtificial IntelligenceMachine LearningCloud ComputingComputer VisionTelecommunicationsWireless
Groupe Siparex,,0,,groupe-siparex,https://unicorn-nest.com/funds/groupe-siparex,"Venture Capital, Private equity",Active,137,0,108,2.91,14,0.21,25,Early Stage VentureLate Stage Venture,LogisticsBiotechnologyInternetSoftwareInformation TechnologyHealth CareManufacturingHardwareElectronicsTelecommunications
Gumi Crypto Capital,,0,,gumi-crypto-capital,https://unicorn-nest.com/funds/gumi-crypto-capital,,,,0,,,,,,,
Habert Dassault Finance,,0,,habert-dassault-finance,https://unicorn-nest.com/funds/habert-dassault-finance,,,11,0,9,0.41,2,0.18,,Early Stage VentureLate Stage Venture,TransportationSoftwareHealth CareAppsAerospaceMedical DeviceMarketingMusicComputerAlternative Medicine
Hatcher+,,0,,hatcher,https://unicorn-nest.com/funds/hatcher,Corporate investor,Active,136,0,125,17.00,76,0.08,3,SeedEarly Stage Venture,E-CommerceInternetSoftwareInformation TechnologyArtificial IntelligenceMachine LearningHealth CareSaaSMobile AppsSports
Henq,,0,,henq,https://unicorn-nest.com/funds/henq,Venture Capital,Active,57,0,37,2.85,25,0.35,5,SeedEarly Stage Venture,E-CommerceSoftwareInformation TechnologyMobileArtificial IntelligenceMessagingSaaSEnterprise SoftwareMarketplacePaaS
Iconicum,,0,,iconicum,https://unicorn-nest.com/funds/iconicum,,,,0,,,,,,,
Idinvest Partners,,0,,idinvest-partners,https://unicorn-nest.com/funds/idinvest-partners,,,437,0,278,16.19,170,0.36,103,SeedEarly Stage VentureLate Stage Venture,BiotechnologyE-CommerceSoftwareInformation TechnologyHealth CareAppsManufacturingMedicalPharmaceuticalTherapeutics
Imc Ventures,,0,,imc-ventures,https://unicorn-nest.com/funds/imc-ventures,CVC,Active,3,0,3,,,,,,InternetArtificial IntelligenceRoboticsAutonomous VehiclesNavigationMarine TechnologyMarine Transportation
Indaco Venture Partners,,0,,indaco-venture-partners,https://unicorn-nest.com/funds/indaco-venture-partners,Venture Capital,Active,35,0,25,4.38,7,0.26,3,Early Stage VentureLate Stage Venture,AutomotiveBiotechnologyTransportationSoftwareInformation TechnologyHealth CareAerospaceCyber SecurityMedicalFleet Management
Inertia Ventures,,0,,inertia-ventures,https://unicorn-nest.com/funds/inertia-ventures,,,14,0,11,,,0.21,,SeedEarly Stage VentureLate Stage Venture,Real EstateSoftwareFinancial ServicesFinTechMarketplaceComputer VisionPaaSProperty ManagementAugmented RealityReal Estate Investment
Ingenium Slovenia Fund,,0,,ingenium-slovenia-fund,https://unicorn-nest.com/funds/ingenium-slovenia-fund,,,8,0,7,,7,0.12,,SeedEarly Stage Venture,E-CommerceSoftwareHealth CareBig DataManufacturingMarketplaceFashionInternet of ThingsArtDiabetes
Innogest Capital,,0,,innogest-capital,https://unicorn-nest.com/funds/innogest-capital,Venture Capital,Active,67,0,43,3.72,15,0.36,6,Early Stage Venture,BiotechnologyE-CommerceMobileHealth CareHospitalMedical DeviceMedicalFashionSustainabilityRecycling
Innovacom,,0,,innovacom,https://unicorn-nest.com/funds/innovacom,Venture Capital,Active,164,0,102,4.56,26,0.38,42,SeedEarly Stage VentureLate Stage Venture,InternetSoftwareInformation TechnologyMobileArtificial IntelligenceManufacturingConsumer ElectronicsElectronicsTelecommunicationsWireless
Insight Partners,,0,,insight-partners,https://unicorn-nest.com/funds/insight-partners,,,,0,,,,,,,
Intel Capital,,0,,intel-capital,https://unicorn-nest.com/funds/intel-capital,,,1622,0,1048,49.15,242,0.35,433,SeedEarly Stage VentureLate Stage Venture,InternetSoftwareAnalyticsInformation TechnologyMobileArtificial IntelligenceEnterprise SoftwareManufacturingSemiconductorTelecommunications
Investessor,,0,,investessor,https://unicorn-nest.com/funds/investessor,,,36,0,32,1.38,10,0.11,3,SeedPrivate EquityEarly Stage Venture,InternetSoftwareMobileCar SharingAppsEducationReal TimeMusicNavigationRide Sharing
Invitalia,,0,,invitalia,https://unicorn-nest.com/funds/invitalia,,,33,0,30,1.94,4,0.06,,,E-CommerceSoftwareInformation TechnologyArtificial IntelligenceMachine LearningSaaSBig DataInternet of ThingsTravelTourism
Isabel Group,,0,,isabel-group,https://unicorn-nest.com/funds/isabel-group,,,,0,,,,,,,
Isai,,0,,isai,https://unicorn-nest.com/funds/isai,Venture Capital,Active,142,0,84,10.14,37,0.40,13,SeedPrivate EquityEarly Stage VentureLate Stage Venture,E-CommerceInternetSoftwareAnalyticsInformation TechnologyOnline PortalsHealth CareSaaSAdvertisingTravel
Isaigo Capital,,0,,isaigo-capital,https://unicorn-nest.com/funds/isaigo-capital,,,,0,,,,,,,
Jckenwood Corp.,,0,,jckenwood-corp,https://unicorn-nest.com/funds/jckenwood-corp,,,,0,,,,,,,
Jcuve Investment,,0,,jcuve-investment,https://unicorn-nest.com/funds/jcuve-investment,,,,0,,,,,,,
Jk&B Capital,,0,,jkb-capital,https://unicorn-nest.com/funds/jkb-capital,Venture Capital,Active,115,0,67,4.11,20,0.42,37,Early Stage VentureLate Stage Venture,InternetSoftwareInformation TechnologyMobileSaaSEnterprise SoftwareManufacturingSecurityTelecommunicationsWireless
Join Capital,,0,,join-capital,https://unicorn-nest.com/funds/join-capital,Venture Capital,Active,39,0,24,4.33,11,0.38,1,SeedEarly Stage Venture,SoftwareInformation TechnologyB2BArtificial IntelligenceSaaSEnterprise SoftwareManufacturingDeveloper ToolsIndustrial AutomationMechanical Engineering
Jpmorgan Chase&Co,,0,,jpmorgan-chaseco,https://unicorn-nest.com/funds/jpmorgan-chaseco,,,,0,,,,,,,
Karista,,0,,karista,https://unicorn-nest.com/funds/karista,Venture Capital,Active,149,0,91,6.48,9,0.38,25,SeedEarly Stage VentureLate Stage Venture,BiotechnologySoftwareInformation TechnologyMobileArtificial IntelligenceHealth CareSaaSMedical DeviceMedicalTherapeutics
Kerala Ventures,,0,,kerala-ventures,https://unicorn-nest.com/funds/kerala-ventures,Venture Capital,Active,23,0,14,2.56,10,0.39,,SeedEarly Stage Venture,InternetSoftwareInformation TechnologyRentalMachine LearningHealth CareHospitalSaaSMedicalDigital Media
Kibo Ventures,,0,,kibo-ventures,https://unicorn-nest.com/funds/kibo-ventures,Venture Capital,Active,117,0,71,9.75,18,0.39,14,SeedEarly Stage VentureLate Stage Venture,E-CommerceSoftwareFinTechInformation TechnologyMobileArtificial IntelligenceMachine LearningSaaSBig DataMarketplace
Kima Ventures,,0,,kima-ventures,https://unicorn-nest.com/funds/kima-ventures,,,,0,,,,,,,
Labrador Ventures,,0,,labrador-ventures,https://unicorn-nest.com/funds/labrador-ventures,,,115,0,61,3.38,20,0.47,38,Early Stage VentureLate Stage Venture,InternetSoftwareInformation TechnologyMobileManufacturingSecurityHardwareVideoAdvertisingWireless
Lagniappe Angels,,0,,lagniappe-angels,https://unicorn-nest.com/funds/lagniappe-angels,,,2,0,2,,,,,,BiotechnologyHealth CareMedicalLife ScienceNeurosciencePharmaceuticalTherapeuticsBiopharma
Latitude Ventures,,0,,latitude-ventures,https://unicorn-nest.com/funds/latitude-ventures,,,6,0,6,,,,,,SoftwareFinTechAnalyticsInformation TechnologyPaymentsArtificial IntelligenceMachine LearningSaaSBig DataPredictive Analytics
Lbo France,,0,,lbo-france,https://unicorn-nest.com/funds/lbo-france,Private equity,Active,29,0,22,0.74,7,0.24,1,Private Equity,BiotechnologyInternetSoftwareHealth CareHealth DiagnosticsGeneticsMedical DeviceMedicalPharmaceuticalClinical Trials
Le Club Startup,,0,,le-club-startup,https://unicorn-nest.com/funds/le-club-startup,,,,0,,,,,,,
Leucosia Capital,,0,,leucosia-capital,https://unicorn-nest.com/funds/leucosia-capital,,,,0,,,,,,,
Liftt,,0,,liftt,https://unicorn-nest.com/funds/liftt,Venture Capital,Active,55,0,43,,6,0.22,,,BiotechnologyE-CommerceSoftwareInformation TechnologyArtificial IntelligenceHealth CareMedical DeviceMedicalLifestyleE-Commerce Platforms
Loire Valley Invest,,0,,loire-valley-invest,https://unicorn-nest.com/funds/loire-valley-invest,,,,0,,,,,,,
Ludwig S.R.L.,,0,,ludwig-srl,https://unicorn-nest.com/funds/ludwig-srl,,,,0,,,,,,,
Lventure Group,,0,,lventure-group,https://unicorn-nest.com/funds/lventure-group,Venture Capital,Active,167,0,94,13.92,27,0.44,6,SeedEarly Stage VentureLate Stage Venture,E-CommerceInternetSoftwareInformation TechnologyMobileArtificial IntelligenceSaaSAppsMarketplaceInternet of Things
Madison Parker Capital,,0,,madison-parker-capital,https://unicorn-nest.com/funds/madison-parker-capital,,,10,0,9,0.62,,0.10,4,SeedPrivate EquityEarly Stage Venture,AutomotiveBeautyWellnessProductivity ToolsEnterprise SoftwareRestaurantsManufacturingConsumer ElectronicsElectric VehicleSmart Cities
Maki Vc,,0,,maki-vc,https://unicorn-nest.com/funds/maki-vc,Venture Capital,Active,72,0,43,12.00,19,0.40,,SeedEarly Stage Venture,E-CommerceSoftwareFinancial ServicesAnalyticsInformation TechnologyArtificial IntelligenceHealth CareSaaSMedicalHardware
Manutara Ventures,,0,,manutara-ventures,https://unicorn-nest.com/funds/manutara-ventures,Venture Capital,Active,19,0,14,,7,0.26,,Early Stage Venture,E-CommerceSoftwareFinancial ServicesFinTechInformation TechnologyInformation ServicesArtificial IntelligenceAppsBitcoinCryptocurrency
Mcapital,,0,,mcapital,https://unicorn-nest.com/funds/mcapital,,,,0,,,,,,,
Microsoft Accelerator Paris,,0,,microsoft-accelerator-paris,https://unicorn-nest.com/funds/microsoft-accelerator-paris,,,74,0,73,8.22,,0.01,6,SeedEarly Stage Venture,E-CommerceInternetSoftwareInformation TechnologyB2BMobileArtificial IntelligenceSaaSEnterprise SoftwareSocial Media
Microsoft Climate Innovation Fund,,0,,microsoft-climate-innovation-fund,https://unicorn-nest.com/funds/microsoft-climate-innovation-fund,,,45,0,35,,1,0.22,,,SoftwareAnalyticsInformation TechnologyManufacturingCleanTechEnergyRenewable EnergyEnergy EfficiencyClean EnergyFuel
Milano Investment Partners,,0,,milano-investment-partners,https://unicorn-nest.com/funds/milano-investment-partners,Venture Capital,Active,32,0,17,5.33,3,0.47,,Early Stage VentureLate Stage Venture,E-CommerceConsumer GoodsRetailFood and BeverageFashionTravelTourismLeisureShoesAdventure Travel
Mol Plus,,0,,mol-plus,https://unicorn-nest.com/funds/mol-plus,,,6,0,5,,1,0.17,,SeedEarly Stage Venture,LogisticsFreight ServiceSupply Chain ManagementB2BAppsDeliveryEnergyE-Commerce PlatformsShippingCourier Service
Motion Ventures,,0,,motion-ventures,https://unicorn-nest.com/funds/motion-ventures,Venture Capital,Active,16,0,16,5.33,2,,,Early Stage Venture,LogisticsFreight ServiceSupply Chain ManagementSoftwareInformation TechnologyArtificial IntelligenceSaaSFleet ManagementShippingMarine Transportation
Myrtus Venture,,0,,myrtus-venture,https://unicorn-nest.com/funds/myrtus-venture,,,2,0,2,1.00,,,,,SoftwareSaaSAppsEnterprise SoftwareCyber SecuritySecurity
Naxicap Partners,,0,,naxicap-partners,https://unicorn-nest.com/funds/naxicap-partners,Private equity,Active,121,0,109,2.28,9,0.10,28,Early Stage VentureLate Stage Venture,Real EstateSoftwareRetailInformation TechnologyFood ProcessingHealth CareRestaurantsManufacturingIndustrialHotel
Nci Gestion,,0,,nci-gestion,https://unicorn-nest.com/funds/nci-gestion,,,31,0,29,1.35,8,0.06,1,SeedPrivate EquityEarly Stage Venture,BiotechnologyCommercialE-CommerceInternetRetailInformation TechnologyHealth CareManufacturingHome and GardenLandscaping
Neotec Capital Riesgo,,0,,neotec-capital-riesgo,https://unicorn-nest.com/funds/neotec-capital-riesgo,,,11,0,9,0.69,1,0.18,2,Early Stage Venture,SoftwareInformation TechnologyFood and BeverageFood ProcessingCyber SecurityNetwork SecuritySecurityCloud ComputingOpen SourceDeveloper APIs
Newfund Capital,,0,,newfund-capital,https://unicorn-nest.com/funds/newfund-capital,Venture Capital,Active,192,0,146,12.00,72,0.24,22,SeedEarly Stage Venture,InternetSoftwareFinancial ServicesFinTechInformation TechnologyArtificial IntelligenceMachine LearningHealth CareSaaSEnterprise Software
Nordic Venture Partners (Sweden),,0,,nordic-venture-partners-sweden,https://unicorn-nest.com/funds/nordic-venture-partners-sweden,,,31,0,22,1.41,3,0.29,14,Early Stage VentureLate Stage Venture,InternetSoftwareInformation TechnologyMobileGamingHealth CareSemiconductorConsumer ElectronicsElectronicsWireless
Normandie Participations,,0,,normandie-participations,https://unicorn-nest.com/funds/normandie-participations,Venture Capital,Active,36,0,29,4.50,3,0.19,,,BiotechnologyReal EstateSoftwareInformation TechnologyHealth CareCyber SecuritySecurityMedicalService IndustryInnovation Management
Normandie Seine Participations,,0,,normandie-seine-participations,https://unicorn-nest.com/funds/normandie-seine-participations,,,,0,,,,,,,
North Energy Ventures,,0,,north-energy-ventures,https://unicorn-nest.com/funds/north-energy-ventures,,,,0,,,,,,,
Novinvest Partners,,0,,novinvest-partners,https://unicorn-nest.com/funds/novinvest-partners,,,1,0,1,,1,,,,Artificial IntelligenceConsulting
Oak Capital,,0,,oak-capital,https://unicorn-nest.com/funds/oak-capital,,,6,0,5,0.55,,0.17,1,Early Stage Venture,InternetMobilePC GamesFood and BeverageFood ProcessingMarketplaceCreditVideo GamesHome ServicesSeafood
Omnes Capital,,0,,omnes-capital,https://unicorn-nest.com/funds/omnes-capital,Venture Capital,Active,256,0,201,10.24,39,0.21,85,SeedPrivate EquityEarly Stage VentureLate Stage Venture,BiotechnologyE-CommerceSoftwareInformation TechnologyHealth CareManufacturingMedical DevicePharmaceuticalTherapeuticsEnergy
Ouest Ventures,,0,,ouest-ventures,https://unicorn-nest.com/funds/ouest-ventures,,,,0,,,,,,,
Ovive,,0,,ovive,https://unicorn-nest.com/funds/ovive,,,4,0,3,0.16,,0.25,,,Information TechnologyRenewable EnergyAgricultureMiningEnvironmental EngineeringWater PurificationEnergy Management
Ovni Vc,,0,,ovni-vc,https://unicorn-nest.com/funds/ovni-vc,,,,0,,,,,,,
P101,,0,,p101,https://unicorn-nest.com/funds/p101,Venture Capital,Active,101,0,54,9.18,37,0.47,10,Early Stage Venture,E-CommerceInternetSoftwareRetailInformation TechnologyMobileFood and BeverageFashionTravelHospitality
Paca Investissement,,0,,paca-investissement,https://unicorn-nest.com/funds/paca-investissement,,,74,0,67,,13,0.09,4,Seed,InternetSoftwareEnterprise SoftwareManufacturingElectronicsInternet of ThingsEnergyRenewable EnergyEnvironmental EngineeringMarine Technology
Panak√®s Partners,,0,,panaks-partners,https://unicorn-nest.com/funds/panaks-partners,,,,0,,,,,,,
Partech,,0,,partech,https://unicorn-nest.com/funds/partech,Venture Capital,Active,569,0,351,13.55,111,0.38,80,SeedPrivate EquityEarly Stage VentureLate Stage Venture,E-CommerceInternetSoftwareFinancial ServicesFinTechInformation TechnologyMobileArtificial IntelligenceSaaSEnterprise Software
Pays De La Loire Developpement,,0,,pays-de-la-loire-developpement,https://unicorn-nest.com/funds/pays-de-la-loire-developpement,,,3,0,3,,,,,,Information TechnologyVirtual RealityProfessional ServicesService IndustryOperating SystemsMarine Technology
Pays De La Loire Participations,,0,,pays-de-la-loire-participations,https://unicorn-nest.com/funds/pays-de-la-loire-participations,,Active,42,0,35,,1,0.17,1,,BiotechnologyE-CommerceInternetSoftwareManufacturingMedicalElectronicsData VisualizationElectric VehicleMachinery Manufacturing
Pgim,,0,,pgim,https://unicorn-nest.com/funds/pgim,,,,0,,,,,,,
Pi Campus,,0,,pi-campus,https://unicorn-nest.com/funds/pi-campus,Venture Capital,Active,51,0,41,3.00,2,0.20,5,SeedEarly Stage Venture,BiotechnologyE-CommerceTransportationSoftwareMobileHealth CareAerospaceMedicalMarketplaceLife Science
Pi Labs,,0,,pi-labs,https://unicorn-nest.com/funds/pi-labs,Other,Active,35,0,5,5.83,8,0.08,,SeedEarly Stage Venture,Real EstateAnalyticsSaaSInternet of ThingsCommercial Real EstateHospitalityPredictive AnalyticsRental PropertyEnvironmental ConsultingProperty Development
Picus Capital,,0,,picus-capital,https://unicorn-nest.com/funds/picus-capital,Venture Capital,Active,302,0,156,33.56,26,0.48,5,SeedEarly Stage Venture,Real EstateInternetSoftwareFinancial ServicesFinTechInformation TechnologyHuman ResourcesFinanceArtificial IntelligenceSaaS
Plug And Play Tech Center,,0,,plug-and-play-tech-center,https://unicorn-nest.com/funds/plug-and-play-tech-center,,,1895,0,1435,105.28,126,0.23,104,SeedEarly Stage Venture,E-CommerceInternetSoftwareFinancial ServicesFinTechInformation TechnologyArtificial IntelligenceMachine LearningHealth CareSaaS
Primo Ventures,,0,,primo-ventures,https://unicorn-nest.com/funds/primo-ventures,Venture Capital,Active,,0,,,,,,,
Proptech I,,0,,proptech-i,https://unicorn-nest.com/funds/proptech-i,,,,0,,,,,,,
Proptech1,,0,,proptech1,https://unicorn-nest.com/funds/proptech1,,,,0,,,,,,,
Rainmaking Impact,,0,,rainmaking-impact,https://unicorn-nest.com/funds/rainmaking-impact,Angel Group/Syndicate,Active,5,0,5,2.50,,,,,BiotechnologyTransportationSoftwareInformation TechnologyMobileInformation ServicesArtificial IntelligenceMachine LearningHealth CareCyber Security
Qiming Venture Partners,,0,,qiming-venture-partners,https://unicorn-nest.com/funds/qiming-venture-partners,Venture Capital,Active,967,0,522,53.72,223,0.45,55,Private EquityEarly Stage VentureLate Stage Venture,BiotechnologyInternetSoftwareInformation TechnologyArtificial IntelligenceHealth CareManufacturingMedical DeviceMedicalPharmaceutical
Qualitas Equity Partners,,0,,qualitas-equity-partners,https://unicorn-nest.com/funds/qualitas-equity-partners,,,8,0,7,0.42,1,0.12,2,Early Stage Venture,Business/Productivity SoftwareMedia and Information Services (B2B)Information Services (B2C)E-CommerceRetailMarketplaceShoppingEmploymentE-Commerce PlatformsStaffing Agency
Raise Impact,,0,,raise-impact,https://unicorn-nest.com/funds/raise-impact,Private equity,Active,6,0,6,,1,,,Early Stage Venture,BiotechnologySaaSManufacturingConsultingRenewable EnergySolarAnimal FeedElectric VehicleAgricultureWater Purification
Raise Ventures,,0,,raise-ventures,https://unicorn-nest.com/funds/raise-ventures,,,34,0,21,3.40,2,0.35,,Early Stage Venture,Financial ServicesFinTechAnalyticsInformation TechnologyB2BEnterpriseBankingMarketingEventsGreenTech
Rancillo Cube,,0,,rancillo-cube,https://unicorn-nest.com/funds/rancillo-cube,,,,0,,,,,,,
Rarebreed Ventures,,0,,rarebreed-ventures,https://unicorn-nest.com/funds/rarebreed-ventures,,,2,0,2,,,,,,Consumer GoodsHealth CareWellnessMedicalFamilyMen's
Rdc - Rafae Development Corporation,,0,,rdc---rafae-development-corporation,https://unicorn-nest.com/funds/rdc---rafae-development-corporation,,,,0,,,,,,,
Realty Corporation,,0,,realty-corporation,https://unicorn-nest.com/funds/realty-corporation,Venture Capital,Active,,0,,,,,,,
Revolt Ventures,,0,,revolt-ventures,https://unicorn-nest.com/funds/revolt-ventures,,,9,0,8,2.25,1,0.11,,,Real EstateE-CommerceSoftwareInformation TechnologyMobileSaaSAppsFashionCoworkingCommercial Real Estate
Rise Proptech,,0,,rise-proptech,https://unicorn-nest.com/funds/rise-proptech,Venture Capital,Active,6,0,5,3.00,,0.17,,Early Stage Venture,Real EstateSoftwareInformation TechnologySaaSManufacturingConstructionElectronicsIndustrial EngineeringMechanical EngineeringScheduling
Rocax,,0,,rocax,https://unicorn-nest.com/funds/rocax,,,,0,,,,,,,
Safran Corporate Venture,,0,,safran-corporate-venture,https://unicorn-nest.com/funds/safran-corporate-venture,,,,0,,,,,,,
Sagona Capital,,0,,sagona-capital,https://unicorn-nest.com/funds/sagona-capital,,,,0,,,,,,,
Serena Vc,,0,,serena-vc,https://unicorn-nest.com/funds/serena-vc,,,,0,,,,,,,
Session.Vc,,0,,sessionvc,https://unicorn-nest.com/funds/sessionvc,,,,0,,,,,,,
Seventure Partners,,0,,seventure-partners,https://unicorn-nest.com/funds/seventure-partners,Venture Capital,Active,273,0,184,10.11,73,0.32,51,Private EquityEarly Stage VentureLate Stage Venture,BiotechnologySoftwareInformation TechnologyHealth CareMedical DeviceMedicalLife SciencePharmaceuticalTherapeuticsBiopharma
Sfld,,0,,sfld,https://unicorn-nest.com/funds/sfld,,,,0,,,,,,,
Shunde Xizheng Trading,,0,,shunde-xizheng-trading,https://unicorn-nest.com/funds/shunde-xizheng-trading,,,1,0,1,0.11,,,1,,E-CommerceGamingHardware
Sigma Gestion,,0,,sigma-gestion,https://unicorn-nest.com/funds/sigma-gestion,,,51,0,46,1.70,10,0.10,9,Early Stage Venture,E-CommerceInternetSoftwareRetailInformation TechnologyHealth CareSaaSManufacturingMedical DeviceElectronics
Silver Lake,,0,,silver-lake,https://unicorn-nest.com/funds/silver-lake,Venture Capital,Active,145,0,108,5.80,34,0.25,44,Private EquityLate Stage Venture,E-CommerceInternetSoftwareFinancial ServicesFinTechInformation TechnologyMobileHealth CareSaaSEnterprise Software
Social Starts,,0,,social-starts,https://unicorn-nest.com/funds/social-starts,Venture Capital,Active,471,0,343,39.25,9,0.26,51,SeedEarly Stage Venture,E-CommerceInternetSoftwareMobileArtificial IntelligenceMachine LearningHealth CareSaaSAppsSocial Media
Sofimac Partners,,0,,sofimac-partners,https://unicorn-nest.com/funds/sofimac-partners,,,73,0,67,1.62,7,0.08,12,SeedEarly Stage Venture,BiotechnologySoftwareInformation TechnologyHealth CareManufacturingMedical DeviceMedicalElectronicsChemicalIndustrial
Sofinnova Partners,,0,,sofinnova-partners,https://unicorn-nest.com/funds/sofinnova-partners,"Venture Capital, Accelerator/Incubator",Active,330,0,186,6.35,105,0.44,60,SeedEarly Stage VentureLate Stage Venture,BiotechnologySoftwareHealth CareManufacturingMedical DeviceMedicalLife SciencePharmaceuticalTherapeuticsBiopharma
Sofiouest,,0,,sofiouest,https://unicorn-nest.com/funds/sofiouest,Venture Capital,Active,17,0,15,0.45,4,0.12,,,E-CommerceInternetSoftwareInformation TechnologyHuman ResourcesRecruitingSaaSMarketingConsultingStaffing Agency
Soft Bank,,0,,soft-bank,https://unicorn-nest.com/funds/soft-bank,,,,0,,,,,,,
Sophia Antipolis Business Angels,,0,,sophia-antipolis-business-angels,https://unicorn-nest.com/funds/sophia-antipolis-business-angels,,,,0,,,,,,,
Soulvest,,0,,soulvest,https://unicorn-nest.com/funds/soulvest,,,,0,,,,,,,
Speed Invest,,0,,speed-invest,https://unicorn-nest.com/funds/speed-invest,,,,0,,,,,,,
Stard,,0,,stard,https://unicorn-nest.com/funds/stard,,,,0,,,,,,,
Starquest Capital,,0,,starquest-capital,https://unicorn-nest.com/funds/starquest-capital,,,64,0,5,9.14,5,0.11,,Early Stage VentureLate Stage Venture,E-CommerceSalesMobileFood and BeverageFitnessHealth CareHealth DiagnosticsWellnessMedical DeviceTherapeutics
Stronghold,,0,,stronghold,https://unicorn-nest.com/funds/stronghold,,,,0,,,,,,,
Surplus Invest,,0,,surplus-invest,https://unicorn-nest.com/funds/surplus-invest,,,15,0,10,2.50,3,0.33,,SeedEarly Stage Venture,Real EstateCommercialInternetSoftwareInformation TechnologyArtificial IntelligenceSaaSBig DataMarket ResearchComputer
Sv Angel,,0,,sv-angel,https://unicorn-nest.com/funds/sv-angel,,,1481,0,1106,98.73,13,0.25,357,SeedEarly Stage Venture,E-CommerceInternetSoftwareFinancial ServicesFinTechInformation TechnologyMobileSaaSAppsEnterprise Software
Swisslife,,0,,swisslife,https://unicorn-nest.com/funds/swisslife,,,,0,,,,,,,
Synergo Capital,,0,,synergo-capital,https://unicorn-nest.com/funds/synergo-capital,,,38,0,35,1.90,4,0.08,9,Private Equity,AutomotiveCommercialSoftwareInformation TechnologyArtificial IntelligenceSaaSManufacturingAutonomous VehiclesEnergyOil and Gas
Telesystem Ltd.,,0,,telesystem-ltd,https://unicorn-nest.com/funds/telesystem-ltd,,,9,0,8,0.24,2,0.11,5,Early Stage Venture,InternetInformation TechnologyRoboticsComputerTelecommunicationsInternet of ThingsWirelessDatabaseCommunications InfrastructureAgriculture
Theventurecity,,0,,theventurecity,https://unicorn-nest.com/funds/theventurecity,Venture Capital,Active,98,0,75,14.00,8,0.22,2,Early Stage Venture,InternetSoftwareFinancial ServicesFinTechInformation TechnologyMobileArtificial IntelligenceMachine LearningHealth CareSaaS
Tiger Global,,0,,tiger-global,https://unicorn-nest.com/funds/tiger-global,,,,0,,,,,,,
Tikehau,,0,,tikehau,https://unicorn-nest.com/funds/tikehau,,,,0,,,,,,,
Tim Ventures,,0,,tim-ventures,https://unicorn-nest.com/funds/tim-ventures,Venture Capital,Active,18,0,13,0.67,1,0.28,1,Seed,InternetSoftwareMobileArtificial IntelligenceEnterprise SoftwareEducationCloud ComputingProject ManagementTelecommunicationsWireless
Transport Capital,,0,,transport-capital,https://unicorn-nest.com/funds/transport-capital,Other,Active,1,0,1,0.11,,,,,Internet
Tx Ventures,,0,,tx-ventures,https://unicorn-nest.com/funds/tx-ventures,Venture Capital,Active,23,0,17,,2,0.26,,Early Stage VentureLate Stage Venture,Venture CapitalSoftwareFinancial ServicesFinTechFinanceBankingMarketplaceCreditCryptocurrencyLending
Uninvest,,0,,uninvest,https://unicorn-nest.com/funds/uninvest,,,9,0,8,,2,0.11,1,Early Stage Venture,BiotechnologySoftwareManufacturingMedical DevicePharmaceuticalComputerTelecommunicationsAgTechBiopharmaAgriculture
United Ventures,,0,,united-ventures,https://unicorn-nest.com/funds/united-ventures,Venture Capital,Active,66,0,40,6.00,20,0.39,2,Early Stage Venture,E-CommerceInternetSoftwareFinancial ServicesFinTechInformation TechnologySaaSAppsAdviceWealth Management
Us Venture Partners,,0,,us-venture-partners,https://unicorn-nest.com/funds/us-venture-partners,,,,0,,,,,,,
Val De France Angels,,0,,val-de-france-angels,https://unicorn-nest.com/funds/val-de-france-angels,,,2,0,2,,,,,,BiotechnologyEnterprise SoftwareCyber SecuritySecurityAgTechAgriculture
Ventech Vc,,0,,ventech-vc,https://unicorn-nest.com/funds/ventech-vc,,,,0,,,,,,,
Vertis Sgr S.P.A.,,0,,vertis-sgr-spa,https://unicorn-nest.com/funds/vertis-sgr-spa,,,,0,,,,,,,
Vision Fund,,0,,vision-fund,https://unicorn-nest.com/funds/vision-fund,,,,0,,,,,,,
Vivalto,,0,,vivalto,https://unicorn-nest.com/funds/vivalto,,,,0,,,,,,,
Vms Asset Management,,0,,vms-asset-management,https://unicorn-nest.com/funds/vms-asset-management,,,35,0,34,1.94,6,0.03,13,Private Equity,BiotechnologyE-CommerceInternetFinTechHealth CareHealth DiagnosticsBig DataMedical DeviceMedicalPharmaceutical
Vodafone,,0,,vodafone,https://unicorn-nest.com/funds/vodafone,Corporate investor,Active,26,0,24,0.65,13,0.08,6,,SoftwareInformation TechnologyMobileHealth CareMobile AppsEnterprise SoftwareAdvertisingTelecommunicationsWirelessSatellite Communication
Wayra,,0,,wayra,https://unicorn-nest.com/funds/wayra,,,1265,0,734,97.31,31,0.42,37,Seed,E-CommerceInternetSoftwareInformation TechnologyMobileArtificial IntelligenceSaaSAppsEducationSocial Media
Welike Startup,,0,,welike-startup,https://unicorn-nest.com/funds/welike-startup,,,,0,,,,,,,
Wellspring Growth Partners,,0,,wellspring-growth-partners,https://unicorn-nest.com/funds/wellspring-growth-partners,,,1,0,1,0.17,,,,,InternetFinancial ServicesNon Profit
Wilco,,0,,wilco,https://unicorn-nest.com/funds/wilco,Corporate investor,Active,215,0,197,9.35,9,0.08,25,SeedEarly Stage Venture,BiotechnologyE-CommerceInternetSoftwareAnalyticsInformation TechnologyArtificial IntelligenceHealth CareSaaSApps
Wilhelmsen Marine Fuels,,0,,wilhelmsen-marine-fuels,https://unicorn-nest.com/funds/wilhelmsen-marine-fuels,,,,0,,,,,,,
Xange,,0,,xange,https://unicorn-nest.com/funds/xange,Venture Capital,Active,221,0,138,11.05,46,0.38,27,SeedEarly Stage VentureLate Stage Venture,E-CommerceInternetSoftwareFinancial ServicesFinTechAnalyticsInformation TechnologyHealth CareSaaSAdvertising
Xplore,,0,,xplore,https://unicorn-nest.com/funds/xplore,,,,0,,,,,,,
Y Combinator,,0,,y-combinator,https://unicorn-nest.com/funds/y-combinator,,,6833,0,4963,359.63,503,0.19,354,SeedEarly Stage Venture,E-CommerceInternetSoftwareFinancial ServicesFinTechInformation TechnologyArtificial IntelligenceHealth CareSaaSApps
Yes Vc,,0,,yes-vc,https://unicorn-nest.com/funds/yes-vc,Venture Capital,Active,69,0,47,11.50,3,0.32,1,SeedEarly Stage Venture,BiotechnologyE-CommerceInternetSoftwareInformation TechnologyHealth CareSaaSAppsMobile AppsGenetics
Zhejiang Travel Investment,,0,,zhejiang-travel-investment,https://unicorn-nest.com/funds/zhejiang-travel-investment,,,1,0,1,0.08,,,,,AutomotiveService IndustryTourism
Aermont,,0,,aermont,https://unicorn-nest.com/funds/aermont,,,,0,,,,,,,
Andreessen Horowitz,,0,,andreessen-horowitz,https://unicorn-nest.com/funds/andreessen-horowitz,Venture Capital,Active,1445,0,792,96.33,218,0.44,147,Early Stage VentureLate Stage Venture,InternetSoftwareFinancial ServicesFinTechAnalyticsInformation TechnologyArtificial IntelligenceHealth CareSaaSEnterprise Software
Atomico,,0,,atomico,https://unicorn-nest.com/funds/atomico,Venture Capital,Active,227,0,134,12.61,53,0.41,33,Private EquityEarly Stage VentureLate Stage Venture,E-CommerceInternetSoftwareFinTechInformation TechnologyMobileArtificial IntelligenceMachine LearningSaaSApps
Balderton Capital,,0,,balderton-capital,https://unicorn-nest.com/funds/balderton-capital,Venture Capital,Active,427,0,223,17.79,126,0.47,65,SeedPrivate EquityEarly Stage VentureLate Stage Venture,E-CommerceInternetSoftwareFinancial ServicesFinTechMobileFinanceArtificial IntelligenceSaaSMarketplace
Blackstone Group,,0,,blackstone-group,https://unicorn-nest.com/funds/blackstone-group,,,213,0,173,5.46,68,0.19,57,SeedPrivate EquityEarly Stage VentureLate Stage Venture,SoftwareFinancial ServicesInformation TechnologyFinanceHealth CareEnterprise SoftwareCyber SecurityNetwork SecuritySecurityEnergy
BNP Paribas Real Estate,,0,,bnp-paribas-real-estate,https://unicorn-nest.com/funds/bnp-paribas-real-estate,,,,0,,,,,,,
CBRE Group,,0,,cbre-group,https://unicorn-nest.com/funds/cbre-group,Other,Active,15,0,12,0.13,2,0.20,2,Early Stage Venture,Real EstateArtificial IntelligenceSaaSEnterprise SoftwareReal TimeConstructionEnergyRenewable EnergySmart BuildingEnergy Efficiency
Deutsche Wohnen Ventures,,0,,deutsche-wohnen-ventures,https://unicorn-nest.com/funds/deutsche-wohnen-ventures,,,,0,,,,,,,
Goldman Sachs,,0,,goldman-sachs,https://unicorn-nest.com/funds/goldman-sachs,Corporate investor,Active,1089,0,798,7.03,262,0.26,303,SeedPrivate EquityEarly Stage VentureLate Stage Venture,E-CommerceInternetSoftwareFinancial ServicesFinTechInformation TechnologyFinanceHealth CareEnterprise SoftwareManufacturing
Index Ventures,,0,,index-ventures,https://unicorn-nest.com/funds/index-ventures,Venture Capital,Active,1182,0,623,42.21,290,0.47,199,SeedEarly Stage VentureLate Stage Venture,E-CommerceInternetSoftwareFinancial ServicesFinTechAnalyticsInformation TechnologyMobileSaaSEnterprise Software
J.P. Morgan Asset Management,,0,,jp-morgan-asset-management,https://unicorn-nest.com/funds/jp-morgan-asset-management,,,,0,,,,,,,
JLL Spark,,0,,jll-spark,https://unicorn-nest.com/funds/jll-spark,CVC,Active,66,0,36,9.43,10,0.45,,Early Stage Venture,Real EstateSoftwareInformation TechnologyArtificial IntelligenceMachine LearningSaaSMobile AppsMarketplaceConstructionCommercial Real Estate
MetaProp NYC,,0,,metaprop-nyc,https://unicorn-nest.com/funds/metaprop-nyc,Venture Capital,Active,173,0,118,19.22,21,0.31,12,SeedEarly Stage Venture,Real EstateSoftwareFinancial ServicesFinTechInformation TechnologyArtificial IntelligenceMachine LearningSaaSConstructionProperty Management
Mitsubishi Estate‚Äôs Diamond Realty Management,,0,,mitsubishi-estates-diamond-realty-management,https://unicorn-nest.com/funds/mitsubishi-estates-diamond-realty-management,,,,0,,,,,,,
Mosaic Ventures,,0,,mosaic-ventures,https://unicorn-nest.com/funds/mosaic-ventures,Venture Capital,Active,89,0,62,8.90,10,0.30,16,Early Stage Venture,InternetSoftwareFinancial ServicesFinTechInformation TechnologyFinanceSaaSAppsComputerCryptocurrency
Plug and Play Real Estate & Construction,,0,,plug-and-play-real-estate--construction,https://unicorn-nest.com/funds/plug-and-play-real-estate--construction,,,,0,,,,,,,
Prologis,,0,,prologis,https://unicorn-nest.com/funds/prologis,,,17,0,12,1.42,1,0.29,,Private EquityEarly Stage Venture,LogisticsE-CommerceTransportationSoftwareAnalyticsInformation TechnologySaaSEnterprise SoftwareComputerFleet Management
Sequoia Capital,,0,,sequoia-capital,https://unicorn-nest.com/funds/sequoia-capital,Venture Capital,Active,2013,0,1057,38.71,279,0.47,315,Early Stage VentureLate Stage Venture,E-CommerceInternetSoftwareFinancial ServicesAnalyticsInformation TechnologyMobileArtificial IntelligenceSaaSEnterprise Software
SoftBank Vision Fund,,0,,softbank-vision-fund,https://unicorn-nest.com/funds/softbank-vision-fund,,,,0,,,,,,,
Temasek Holdings,,0,,temasek-holdings,https://unicorn-nest.com/funds/temasek-holdings,Hedge fund,Active,589,0,394,11.78,119,0.33,80,,BiotechnologyE-CommerceInternetSoftwareFinancial ServicesFinTechInformation TechnologyArtificial IntelligenceFood and BeverageHealth Care
Silo√© Infrastructures,,0,,silo-infrastructures,https://unicorn-nest.com/funds/silo-infrastructures,,,,0,,,,,,,
DST Global,,0,,dst-global,https://unicorn-nest.com/funds/dst-global,Venture Capital,Active,267,0,158,17.80,60,0.38,25,Late Stage Venture,LogisticsE-CommerceInternetSoftwareFinancial ServicesFinTechPaymentsFinanceBankingFood Delivery
EDF Pulse Invest,,0,,edf-pulse-invest,https://unicorn-nest.com/funds/edf-pulse-invest,,,,0,,,,,,,
Eiffel Investment Group,,0,,eiffel-investment-group,https://unicorn-nest.com/funds/eiffel-investment-group,Private equity,Active,28,0,23,1.87,4,0.18,1,Private Equity,InternetSoftwareFinancial ServicesFinTechInformation TechnologyFinanceEnterprise SoftwarePeer to PeerRenewable EnergySolar
Entrepreneur Invest,,0,,entrepreneur-invest,https://unicorn-nest.com/funds/entrepreneur-invest,,Active,5,0,5,0.21,1,,,,InternetSoftwareInformation TechnologyOnline PortalsEnterprise SoftwareSoftware EngineeringBrand MarketingEnvironmental EngineeringContent MarketingEnergy Management
EREN Groupe,,0,,eren-groupe,https://unicorn-nest.com/funds/eren-groupe,Private equity,,8,0,6,0.67,1,0.25,,,Real EstateSoftwareInformation TechnologyManufacturingEnergyRenewable EnergyService IndustrySolarEnergy EfficiencyEnergy Management
Extension Fund,,0,,extension-fund,https://unicorn-nest.com/funds/extension-fund,Venture Capital,Active,21,0,16,7.00,,0.19,,SeedEarly Stage Venture,SoftwareB2BArtificial IntelligenceFood and BeverageWellnessSaaSRestaurantsLifestyleInsuranceLife Insurance
Felix Capital,,0,,felix-capital,https://unicorn-nest.com/funds/felix-capital,Venture Capital,Active,119,0,61,11.90,25,0.47,3,Early Stage VentureLate Stage Venture,E-CommerceSoftwareFood and BeverageHealth CareWellnessSaaSAppsDeliveryFashionShopping
Heartcore Capital,,0,,heartcore-capital,https://unicorn-nest.com/funds/heartcore-capital,Venture Capital,Active,196,0,93,11.53,34,0.53,16,SeedEarly Stage Venture,E-CommerceSoftwareFinTechAnalyticsArtificial IntelligenceMachine LearningHealth CareSaaSAppsTravel
Kreos Capital,,0,,kreos-capital,https://unicorn-nest.com/funds/kreos-capital,,,,0,,,,,,,
MeilleursAgents,,0,,meilleursagents,https://unicorn-nest.com/funds/meilleursagents,,,,0,,,,,,,
newAlpha Asset anagement,,0,,newalpha-asset-anagement,https://unicorn-nest.com/funds/newalpha-asset-anagement,,,,0,,,,,,,
Samalpata,,0,,samalpata,https://unicorn-nest.com/funds/samalpata,,,,0,,,,,,,
Swen Capital Pertners,,0,,swen-capital-pertners,https://unicorn-nest.com/funds/swen-capital-pertners,,,,0,,,,,,,
Tomcat Invest,,0,,tomcat-invest,https://unicorn-nest.com/funds/tomcat-invest,,Active,,0,,,,,,,
Industrifonden,,0,,industrifonden,https://unicorn-nest.com/funds/industrifonden,Venture Capital,Active,200,0,121,4.44,45,0.40,27,SeedEarly Stage Venture,BiotechnologyE-CommerceSoftwareInformation TechnologyHealth CareSaaSEnterprise SoftwareBig DataManufacturingMedical
Almi Invest,,0,,almi-invest,https://unicorn-nest.com/funds/almi-invest,Venture Capital,Active,619,0,507,41.27,131,0.18,26,Seed,BiotechnologyInternetSoftwareInformation TechnologyHealth CareManufacturingMedical DeviceMedicalPharmaceuticalElectronics
Vinnova,,0,,vinnova,https://unicorn-nest.com/funds/vinnova,Government organization,Active,67,0,51,2.91,25,0.24,8,Grant,BiotechnologySoftwareArtificial IntelligenceFood and BeverageFood ProcessingMachine LearningHealth CareSaaSMedicalPharmaceutical
Zenith Capital,,0,,zenith-capital,https://unicorn-nest.com/funds/zenith-capital,,,,0,,,,,,,
Atomico Sweden,,0,,atomico-sweden,https://unicorn-nest.com/funds/atomico-sweden,,,,0,,,,,,,
Northzone,,0,,northzone,https://unicorn-nest.com/funds/northzone,Venture Capital,Active,307,0,162,10.96,84,0.47,42,SeedEarly Stage Venture,E-CommerceInternetSoftwareFinancial ServicesFinTechInformation TechnologyMobileFinanceSaaSApps
Monterro,,0,,monterro,https://unicorn-nest.com/funds/monterro,,,3,0,3,0.33,2,,,,SoftwareInformation TechnologySaaSEnterprise SoftwareCyber SecuritySecurityService IndustryDatabaseCloud SecurityIdentity Management
J12,,0,,j12,https://unicorn-nest.com/funds/j12,,,,0,,,,,,,
Inventure,,0,,inventure,https://unicorn-nest.com/funds/inventure,Venture Capital,Active,151,0,92,7.95,29,0.39,12,SeedEarly Stage Venture,InternetSoftwareFinancial ServicesAnalyticsInformation TechnologyMobileArtificial IntelligenceMachine LearningHealth CareSaaS
Norrsken VC,,0,,norrsken-vc,https://unicorn-nest.com/funds/norrsken-vc,,,98,0,60,14.00,22,0.36,,Early Stage Venture,LogisticsBiotechnologyE-CommerceSoftwareFinancial ServicesFinTechFood and BeverageHealth CareMedicalCleanTech
